"tagfield","liblibrarian","libopac","repeatable","mandatory","important","authorised_value","ind1_defaultvalue","ind2_defaultvalue","frameworkcode"
"000","LEADER","LEADER","0","1","0","","","","HLD"
"001","CONTROL NUMBER","CONTROL NUMBER","0","0","0","","","","HLD"
"003","CONTROL NUMBER IDENTIFIER","CONTROL NUMBER IDENTIFIER","0","1","0","","","","HLD"
"004","CONTROL NUMBER FOR RELATED BIBLIOGRAPHIC RECORD","CONTROL NUMBER FOR RELATED BIBLIOGRAPHIC RECORD","0","0","0","","","","HLD"
"005","DATE AND TIME OF LATEST TRANSACTION","DATE AND TIME OF LATEST TRANSACTION","0","1","0","","","","HLD"
"006","FIXED-LENGTH DATA ELEMENTS--ADDITIONAL MATERIAL CHARACTERISTICS","FIXED-LENGTH DATA ELEMENTS--ADDITIONAL MATERIAL CHARACTERISTICS","1","0","0","","","","HLD"
"007","PHYSICAL DESCRIPTION FIXED FIELD--GENERAL INFORMATION","PHYSICAL DESCRIPTION FIXED FIELD--GENERAL INFORMATION","1","0","0","","","","HLD"
"008","FIXED-LENGTH DATA ELEMENTS--GENERAL INFORMATION","FIXED-LENGTH DATA ELEMENTS--GENERAL INFORMATION","0","1","0","","","","HLD"
"010","LIBRARY OF CONGRESS CONTROL NUMBER","LIBRARY OF CONGRESS CONTROL NUMBER","0","0","0","","","","HLD"
"014","LINKAGE NUMBER","LINKAGE NUMBER","1","0","0","","","","HLD"
"016","NATIONAL BIBLIOGRAPHIC AGENCY CONTROL NUMBER","NATIONAL BIBLIOGRAPHIC AGENCY CONTROL NUMBER","1","0","0","","","","HLD"
"017","COPYRIGHT OR LEGAL DEPOSIT NUMBER","COPYRIGHT OR LEGAL DEPOSIT NUMBER","1","0","0","","","","HLD"
"020","INTERNATIONAL STANDARD BOOK NUMBER","INTERNATIONAL STANDARD BOOK NUMBER","1","0","0","","","","HLD"
"022","INTERNATIONAL STANDARD SERIAL NUMBER","INTERNATIONAL STANDARD SERIAL NUMBER","1","0","0","","","","HLD"
"024","OTHER STANDARD IDENTIFIER","OTHER STANDARD IDENTIFIER","1","0","0","","","","HLD"
"027","STANDARD TECHNICAL REPORT NUMBER","STANDARD TECHNICAL REPORT NUMBER","1","0","0","","","","HLD"
"030","CODEN DESIGNATION","CODEN DESIGNATION","1","0","0","","","","HLD"
"035","SYSTEM CONTROL NUMBER","SYSTEM CONTROL NUMBER","1","0","0","","","","HLD"
"040","CATALOGING SOURCE","CATALOGING SOURCE","0","0","0","","","","HLD"
"066","CHARACTER SETS PRESENT","CHARACTER SETS PRESENT","0","0","0","","","","HLD"
"337","MEDIA TYPE","MEDIA TYPE","1","0","0","","","","HLD"
"338","CARRIER TYPE","CARRIER TYPE","1","0","0","","","","HLD"
"347","DIGITAL FILE CHARACTERISTICS","DIGITAL FILE CHARACTERISTICS","1","0","0","","","","HLD"
"506","RESTRICTIONS ON ACCESS NOTE","RESTRICTIONS ON ACCESS NOTE","1","0","0","","","","HLD"
"538","SYSTEM DETAILS NOTE","SYSTEM DETAILS NOTE","1","0","0","","","","HLD"
"541","IMMEDIATE SOURCE OF ACQUISITION NOTE","IMMEDIATE SOURCE OF ACQUISITION NOTE","1","0","0","","","","HLD"
"561","OWNERSHIP AND CUSTODIAL HISTORY","OWNERSHIP AND CUSTODIAL HISTORY","1","0","0","","","","HLD"
"562","COPY AND VERSION IDENTIFICATION NOTE","COPY AND VERSION IDENTIFICATION NOTE","1","0","0","","","","HLD"
"563","BINDING INFORMATION","BINDING INFORMATION","1","0","0","","","","HLD"
"583","ACTION NOTE","ACTION NOTE","1","0","0","","","","HLD"
"842","TEXTUAL PHYSICAL FORM DESIGNATOR","TEXTUAL PHYSICAL FORM DESIGNATOR","0","0","0","","","","HLD"
"843","REPRODUCTION NOTE","REPRODUCTION NOTE","1","0","0","","","","HLD"
"844","NAME OF UNIT","NAME OF UNIT","0","0","0","","","","HLD"
"845","TERMS GOVERNING USE AND REPRODUCTION NOTE","TERMS GOVERNING USE AND REPRODUCTION NOTE","1","0","0","","","","HLD"
"852","LOCATION","LOCATION","1","0","0","","","","HLD"
"853","CAPTIONS AND PATTERN--BASIC BIBLIOGRAPHIC UNIT","CAPTIONS AND PATTERN--BASIC BIBLIOGRAPHIC UNIT","1","0","0","","","","HLD"
"854","CAPTIONS AND PATTERN--SUPPLEMENTARY MATERIAL","CAPTIONS AND PATTERN--SUPPLEMENTARY MATERIAL","1","0","0","","","","HLD"
"855","CAPTIONS AND PATTERN--INDEXES","CAPTIONS AND PATTERN--INDEXES","1","0","0","","","","HLD"
"856","ELECTRONIC LOCATION AND ACCESS","ELECTRONIC LOCATION AND ACCESS","1","0","0","","","","HLD"
"863","ENUMERATION AND CHRONOLOGY--BASIC BIBLIOGRAPHIC UNIT","ENUMERATION AND CHRONOLOGY--BASIC BIBLIOGRAPHIC UNIT","1","0","0","","","","HLD"
"864","ENUMERATION AND CHRONOLOGY--SUPPLEMENTARY MATERIAL","ENUMERATION AND CHRONOLOGY--SUPPLEMENTARY MATERIAL","1","0","0","","","","HLD"
"865","ENUMERATION AND CHRONOLOGY--INDEXES","ENUMERATION AND CHRONOLOGY--INDEXES","1","0","0","","","","HLD"
"866","TEXTUAL HOLDINGS--BASIC BIBLIOGRAPHIC UNIT","TEXTUAL HOLDINGS--BASIC BIBLIOGRAPHIC UNIT","1","0","0","","","","HLD"
"867","TEXTUAL HOLDINGS--SUPPLEMENTARY MATERIAL","TEXTUAL HOLDINGS--SUPPLEMENTARY MATERIAL","1","0","0","","","","HLD"
"868","TEXTUAL HOLDINGS--INDEXES","TEXTUAL HOLDINGS--INDEXES","1","0","0","","","","HLD"
"876","ITEM INFORMATION--BASIC BIBLIOGRAPHIC UNIT","ITEM INFORMATION--BASIC BIBLIOGRAPHIC UNIT","1","0","0","","","","HLD"
"877","ITEM INFORMATION--SUPPLEMENTARY MATERIAL","ITEM INFORMATION--SUPPLEMENTARY MATERIAL","1","0","0","","","","HLD"
"878","ITEM INFORMATION--INDEXES","ITEM INFORMATION--INDEXES","1","0","0","","","","HLD"
"880","ALTERNATE GRAPHIC REPRESENTATION","ALTERNATE GRAPHIC REPRESENTATION","1","0","0","","","","HLD"
"883","MACHINE-GENERATED METADATA PROVENANCE","MACHINE-GENERATED METADATA PROVENANCE","1","0","0","","","","HLD"
"884","DESCRIPTION CONVERSION INFORMATION","DESCRIPTION CONVERSION INFORMATION","1","0","0","","","","HLD"
"942","ADDED ENTRY ELEMENTS (KOHA)","ADDED ENTRY ELEMENTS (KOHA)","0","0","0","","","","HLD"
"999","SYSTEM CONTROL NUMBERS (KOHA)","SYSTEM CONTROL NUMBERS (KOHA)","1","0","0","","","","HLD"

"#-#","#-#","#-#","#-#","#-#","#-#","#-#","#-#","#-#","#-#"

"tagfield","tagsubfield","liblibrarian","libopac","repeatable","mandatory","important","kohafield","tab","authorised_value","authtypecode","value_builder","isurl","hidden","frameworkcode","seealso","link","defaultvalue","maxlength"
"000","@","fixed length control field","fixed length control field","0","1","0","","0","","","marc21_leader_holdings.pl","0","0","HLD","","","","24"
"001","@","control field","control field","0","0","0","","0","","","","0","4","HLD","","","","9999"
"003","@","control field","control field","0","1","0","","0","","","marc21_orgcode.pl","0","0","HLD","","","","9999"
"004","@","control field","control field","0","0","0","","0","","","","0","0","HLD","","","","9999"
"005","@","control field","control field","0","1","0","","0","","","marc21_field_005.pl","0","0","HLD","","","","9999"
"006","@","fixed length control field","fixed length control field","0","0","0","","0","","","marc21_field_006.pl","0","0","HLD","","","","9999"
"007","@","fixed length control field","fixed length control field","0","0","0","","0","","","marc21_field_007.pl","0","0","HLD","","","","9999"
"008","@","fixed length control field","fixed length control field","0","1","0","","0","","","marc21_field_008_holdings.pl","0","0","HLD","","","","40"
"010","8","Field link and sequence number","Field link and sequence number","1","0","0","","0","","","","0","-6","HLD","","","","9999"
"010","a","LC control number","LC control number","0","0","0","","0","","","","0","0","HLD","","","","9999"
"010","b","NUCMC control number","NUCMC control number","1","0","0","","0","","","","0","-1","HLD","","","","9999"
"010","z","Canceled/invalid LC control number","Canceled/invalid LC control number","1","0","0","","0","","","","0","-1","HLD","","","","9999"
"014","6","Linkage","Linkage","0","0","0","","0","","","","0","-6","HLD","","","","9999"
"014","a","Linkage number","Linkage number","0","0","0","","0","","","","0","-1","HLD","","","","9999"
"014","b","Source of number","Source of number","0","0","0","","0","","","","0","-1","HLD","","","","9999"
"014","z","Canceled/invalid linkage number","Canceled/invalid linkage number","1","0","0","","0","","","","0","-1","HLD","","","","9999"
"016","2","Source","Source","0","0","0","","0","","","","0","0","HLD","","","","9999"
"016","8","Field link and sequence number","Field link and sequence number","1","0","0","","0","","","","0","-6","HLD","","","","9999"
"016","a","Record control number","Record control number","0","0","0","","0","","","","0","0","HLD","","","","9999"
"016","z","Canceled/invalid control number","Canceled/invalid control number","1","0","0","","0","","","","0","-1","HLD","","","","9999"
"017","2","Source","Source","0","0","0","","0","","","","0","-6","HLD","","","","9999"
"017","6","Linkage","Linkage","0","0","0","","0","","","","0","-6","HLD","","","","9999"
"017","8","Field link and sequence number","Field link and sequence number","1","0","0","","0","","","","0","-6","HLD","","","","9999"
"017","a","Copyright or legal deposit number","Copyright or legal deposit number","1","0","0","","0","","","","0","-6","HLD","","","","9999"
"017","b","Assigning agency","Assigning agency","0","0","0","","0","","","","0","-6","HLD","","","","9999"
"017","d","Date","Date","0","0","0","","0","","","","0","-6","HLD","","","","9999"
"017","i","Display text","Display text","0","0","0","","0","","","","0","-6","HLD","","","","9999"
"017","z","Canceled/invalid copyright or legal deposit number","Canceled/invalid copyright or legal deposit number","1","0","0","","0","","","","","-6","HLD","","","","9999"
"020","6","Linkage","Linkage","0","0","0","","0","","","","0","-6","HLD","","","","9999"
"020","8","Field link and sequence number","Field link and sequence number","1","0","0","","0","","","","0","-6","HLD","","","","9999"
"020","a","International Standard Book Number","International Standard Book Number","0","0","0","","0","","","","0","0","HLD","","","","9999"
"020","c","Terms of availability","Terms of availability","0","0","0","","0","","","","0","0","HLD","","","","9999"
"020","q","Qualifying information","Qualifying information","1","0","0","","0","","","","0","0","HLD","","","","9999"
"020","z","Canceled/invalid ISBN","Canceled/invalid ISBN","1","0","0","","0","","","","0","-1","HLD","","","","9999"
"022","2","Source","Source","0","0","0","","0","","","","0","0","HLD","","","","9999"
"022","6","Linkage","Linkage","0","0","0","","0","","","","0","-6","HLD","","","","9999"
"022","8","Field link and sequence number","Field link and sequence number","1","0","0","","0","","","","0","-6","HLD","","","","9999"
"022","a","International Standard Serial Number","International Standard Serial Number","0","0","0","","0","","","","0","0","HLD","","","","9999"
"022","l","ISSN-L","ISSN-L","0","0","0","","0","","","","","-6","HLD","","","","9999"
"022","m","Canceled ISSN-L","Canceled ISSN-L","1","0","0","","0","","","","","-6","HLD","","","","9999"
"022","y","Incorrect ISSN","Incorrect ISSN","1","0","0","","0","","","","0","-1","HLD","","","","9999"
"022","z","Canceled ISSN","Canceled ISSN","1","0","0","","0","","","","0","-1","HLD","","","","9999"
"024","2","Source of number or code","Source of number or code","0","0","0","","0","","","","0","0","HLD","","","","9999"
"024","6","Linkage","Linkage","0","0","0","","0","","","","0","-6","HLD","","","","9999"
"024","8","Field link and sequence number","Field link and sequence number","1","0","0","","0","","","","0","-6","HLD","","","","9999"
"024","a","Standard number or code","Standard number or code","0","0","0","","0","","","","0","0","HLD","","","","9999"
"024","b","Additional codes following the standard number [OBSOLETE]","Additional codes following the standard number [OBSOLETE]","0","0","0","","0","","","","0","-6","HLD","","","","9999"
"024","c","Terms of availability","Terms of availability","0","0","0","","0","","","","0","0","HLD","","","","9999"
"024","d","Additional codes following the standard number or code","Additional codes following the standard number or code","0","0","0","","0","","","","0","0","HLD","","","","9999"
"024","q","Qualifying information","Qualifying information","1","0","0","","0","","","","0","0","HLD","","","","9999"
"024","z","Canceled/invalid standard number or code","Canceled/invalid standard number or code","1","0","0","","0","","","","0","-1","HLD","","","","9999"
"027","6","Linkage","Linkage","0","0","0","","0","","","","0","-6","HLD","","","","9999"
"027","8","Field link and sequence number","Field link and sequence number","1","0","0","","0","","","","0","-6","HLD","","","","9999"
"027","a","Standard technical report number","Standard technical report number","0","0","0","","0","","","","0","-1","HLD","","","","9999"
"027","q","Qualifying information","Qualifying information","1","0","0","","0","","","","0","0","HLD","","","","9999"
"027","z","Canceled/invalid number","Canceled/invalid number","1","0","0","","0","","","","0","-1","HLD","","","","9999"
"030","6","Linkage","Linkage","0","0","0","","0","","","","0","-6","HLD","","","","9999"
"030","8","Field link and sequence number","Field link and sequence number","1","0","0","","0","","","","0","-6","HLD","","","","9999"
"030","a","CODEN","CODEN","0","0","0","","0","","","","0","-6","HLD","","","","9999"
"030","z","Canceled/invalid CODEN","Canceled/invalid CODEN","1","0","0","","0","","","","0","-6","HLD","","","","9999"
"035","6","Linkage","Linkage","0","0","0","","0","","","","0","-6","HLD","","","","9999"
"035","8","Field link and sequence number","Field link and sequence number","1","0","0","","0","","","","0","-6","HLD","","","","9999"
"035","a","System control number","System control number","0","0","0","","0","","","","0","0","HLD","","","","9999"
"035","z","Canceled/invalid control number","Canceled/invalid control number","1","0","0","","0","","","","0","-1","HLD","","","","9999"
"040","6","Linkage","Linkage","0","0","0","","0","","","","0","-6","HLD","","","","9999"
"040","8","Field link and sequence number","Field link and sequence number","1","0","0","","0","","","","0","-6","HLD","","","","9999"
"040","a","Original cataloging agency","Original cataloging agency","0","0","0","","0","","","","0","0","HLD","","","","9999"
"040","b","Language of cataloging","Language of cataloging","0","0","0","","0","","","","0","0","HLD","","","","9999"
"040","c","Transcribing agency","Transcribing agency","0","0","0","","0","","","","0","0","HLD","","","","9999"
"040","d","Modifying agency","Modifying agency","1","0","0","","0","","","","0","0","HLD","","","","9999"
"066","a","Primary G0 character set","Primary G0 character set","0","0","0","","0","","","","","-6","HLD","","","","9999"
"066","b","Primary G1 character set","Primary G1 character set","0","0","0","","0","","","","","-6","HLD","","","","9999"
"066","c","Alternate G0 or G1 character set","Alternate G0 or G1 character set","1","0","0","","0","","","","","-6","HLD","","","","9999"
"337","0","Authority record control number or standard number","Authority record control number or standard number","1","0","0","","3","","","","","-6","HLD","","","","9999"
"337","1","Real World Object URI","Real World Object URI","1","0","0","","3","","","","","-6","HLD","","","","9999"
"337","2","Source","Source","0","0","0","","3","","","","","-6","HLD","","","","9999"
"337","3","Materials specified","Materials specified","0","0","0","","3","","","","","-6","HLD","","","","9999"
"337","6","Linkage","Linkage","0","0","0","","3","","","","","-6","HLD","","","","9999"
"337","8","Field link and sequence number","Field link and sequence number","1","0","0","","3","","","","","-6","HLD","","","","9999"
"337","a","Media type term","Media type term","1","0","0","","3","","","","","-6","HLD","","","","9999"
"337","b","Media type code","Media type code","1","0","0","","3","","","","","-6","HLD","","","","9999"
"338","0","Authority record control number or standard number","Authority record control number or standard number","1","0","0","","3","","","","","-6","HLD","","","","9999"
"338","1","Real World Object URI","Real World Object URI","1","0","0","","3","","","","","-6","HLD","","","","9999"
"338","2","Source","Source","0","0","0","","3","","","","","-6","HLD","","","","9999"
"338","3","Materials specified","Materials specified","0","0","0","","3","","","","","-6","HLD","","","","9999"
"338","6","Linkage","Linkage","0","0","0","","3","","","","","-6","HLD","","","","9999"
"338","8","Field link and sequence number","Field link and sequence number","1","0","0","","3","","","","","-6","HLD","","","","9999"
"338","a","Carrier type term","Carrier type term","1","0","0","","3","","","","","-6","HLD","","","","9999"
"338","b","Carrier type code","Carrier type code","1","0","0","","3","","","","","-6","HLD","","","","9999"
"347","0","Authority record control number or standard number","Authority record control number or standard number","1","0","0","","3","","","","","-6","HLD","","","","9999"
"347","1","Real World Object URI","Real World Object URI","1","0","0","","3","","","","","-6","HLD","","","","9999"
"347","2","Source","Source","0","0","0","","3","","","","","-6","HLD","","","","9999"
"347","3","Materials specified","Materials specified","0","0","0","","3","","","","","-6","HLD","","","","9999"
"347","6","Linkage","Linkage","0","0","0","","3","","","","","-6","HLD","","","","9999"
"347","8","Field link and sequence number","Field link and sequence number","1","0","0","","3","","","","","-6","HLD","","","","9999"
"347","a","File type","File type","1","0","0","","3","","","","","-6","HLD","","","","9999"
"347","b","Encoding format","Encoding format","1","0","0","","3","","","","","-6","HLD","","","","9999"
"347","c","File size","File size","1","0","0","","3","","","","","-6","HLD","","","","9999"
"347","d","Resolution","Resolution","1","0","0","","3","","","","","-6","HLD","","","","9999"
"347","e","Regional encoding","Regional encoding","1","0","0","","3","","","","","-6","HLD","","","","9999"
"347","f","Encoded bitrate","Encoded bitrate","1","0","0","","3","","","","","-6","HLD","","","","9999"
"506","2","Source of term","Source of term","0","0","0","","5","","","","","-6","HLD","","","","9999"
"506","3","Materials specified","Materials specified","0","0","0","","5","","","","","-6","HLD","","","","9999"
"506","5","Institution to which field applies","Institution to which field applies","0","0","0","","5","","","","","-6","HLD","","","","9999"
"506","6","Linkage","Linkage","0","0","0","","5","","","","","-6","HLD","","","","9999"
"506","8","Field link and sequence number","Field link and sequence number","1","0","0","","5","","","","","-6","HLD","","","","9999"
"506","a","Terms governing access","Terms governing access","0","0","0","","5","","","","","-6","HLD","","","","9999"
"506","b","Jurisdiction","Jurisdiction","1","0","0","","5","","","","","-6","HLD","","","","9999"
"506","c","Physical access provisions","Physical access provisions","1","0","0","","5","","","","","-6","HLD","","","","9999"
"506","d","Authorized users","Authorized users","1","0","0","","5","","","","","-6","HLD","","","","9999"
"506","e","Authorization","Authorization","1","0","0","","5","","","","","-6","HLD","","","","9999"
"506","f","Standardized terminology for access restriction","Standardized terminology for access restriction","1","0","0","","5","","","","","-6","HLD","","","","9999"
"506","g","Availability date","Availability date","1","0","0","","5","","","","","-6","HLD","","","","9999"
"506","q","Supplying agency","Supplying agency","0","0","0","","5","","","","","-6","HLD","","","","9999"
"506","u","Uniform Resource Identifier","Uniform Resource Identifier","1","0","0","","5","","","","1","-6","HLD","","","","9999"
"538","3","Materials specified","Materials specified","0","0","0","","5","","","","","-6","HLD","","","","9999"
"538","5","Institution to which field applies","Institution to which field applies","1","0","0","","5","","","","","-6","HLD","","","","9999"
"538","6","Linkage","Linkage","0","0","0","","5","","","","","-6","HLD","","","","9999"
"538","8","Field link and sequence number","Field link and sequence number","1","0","0","","5","","","","","-6","HLD","","","","9999"
"538","a","System details note","System details note","0","0","0","","5","","","","","-1","HLD","","","","9999"
"538","i","Display text","Display text","0","0","0","","5","","","","","-1","HLD","","","","9999"
"538","u","Uniform Resource Identifier","Uniform Resource Identifier","1","0","0","","5","","","","1","-1","HLD","","","","9999"
"541","3","Materials specified","Materials specified","0","0","0","","5","","","","","-6","HLD","","","","9999"
"541","5","Institution to which field applies","Institution to which field applies","0","0","0","","5","","","","","-6","HLD","","","","9999"
"541","6","Linkage","Linkage","0","0","0","","5","","","","","-6","HLD","","","","9999"
"541","8","Field link and sequence number","Field link and sequence number","1","0","0","","5","","","","","-6","HLD","","","","9999"
"541","a","Source of acquisition","Source of acquisition","0","0","0","","5","","","","","1","HLD","","","","9999"
"541","b","Address","Address","0","0","0","","5","","","","","1","HLD","","","","9999"
"541","c","Method of acquisition","Method of acquisition","0","0","0","","5","","","","","1","HLD","","","","9999"
"541","d","Date of acquisition","Date of acquisition","0","0","0","","5","","","","","1","HLD","","","","9999"
"541","e","Accession number","Accession number","0","0","0","","5","","","","","1","HLD","","","","9999"
"541","f","Owner","Owner","0","0","0","","5","","","","","1","HLD","","","","9999"
"541","h","Purchase price","Purchase price","0","0","0","","5","","","","","1","HLD","","","","9999"
"541","n","Extent","Extent","1","0","0","","5","","","","","1","HLD","","","","9999"
"541","o","Type of unit","Type of unit","1","0","0","","5","","","","","1","HLD","","","","9999"
"561","3","Materials specified","Materials specified","0","0","0","","5","","","","","-6","HLD","","","","9999"
"561","5","Institution to which field applies","Institution to which field applies","0","0","0","","5","","","","","-6","HLD","","","","9999"
"561","6","Linkage","Linkage","0","0","0","","5","","","","","-6","HLD","","","","9999"
"561","8","Field link and sequence number","Field link and sequence number","1","0","0","","5","","","","","-6","HLD","","","","9999"
"561","a","History","History","0","0","0","","5","","","","","6","HLD","","","","9999"
"561","b","Time of collation [OBSOLETE]","Time of collation [OBSOLETE]","0","0","0","","5","","","","","6","HLD","","","","9999"
"561","u","Uniform Resource Identifier","Uniform Resource Identifier","1","0","0","","5","","","","","-6","HLD","","","","9999"
"562","3","Materials specified","Materials specified","0","0","0","","5","","","","","-6","HLD","","","","9999"
"562","5","Institution to which field applies","Institution to which field applies","0","0","0","","-1","","","","","-6","HLD","","","","9999"
"562","6","Linkage","Linkage","0","0","0","","5","","","","","-6","HLD","","","","9999"
"562","8","Field link and sequence number","Field link and sequence number","1","0","0","","5","","","","","-6","HLD","","","","9999"
"562","a","Identifying markings","Identifying markings","1","0","0","","5","","","","","-1","HLD","","","","9999"
"562","b","Copy identification","Copy identification","1","0","0","","5","","","","","-1","HLD","","","","9999"
"562","c","Version identification","Version identification","1","0","0","","5","","","","","-1","HLD","","","","9999"
"562","d","Presentation format","Presentation format","1","0","0","","5","","","","","-1","HLD","","","","9999"
"562","e","Number of copies","Number of copies","1","0","0","","5","","","","","-1","HLD","","","","9999"
"563","3","Materials specified","Materials specified","0","0","0","","5","","","","","-6","HLD","","","","9999"
"563","5","Institution to which field applies","Institution to which field applies","0","0","0","","-1","","","","","-6","HLD","","","","9999"
"563","6","Linkage","Linkage","0","0","0","","5","","","","","-6","HLD","","","","9999"
"563","8","Field link and sequence number","Field link and sequence number","1","0","0","","5","","","","","-6","HLD","","","","9999"
"563","a","Binding note","Binding note","0","0","0","","5","","","","","-1","HLD","","","","9999"
"563","u","Uniform Resource Identifier","Uniform Resource Identifier","1","0","0","","5","","","","1","-1","HLD","","","","9999"
"583","2","Source of term","Source of term","0","0","0","","5","","","","","-6","HLD","","","","9999"
"583","3","Materials specified","Materials specified","0","0","0","","5","","","","","-6","HLD","","","","9999"
"583","5","Institution to which field applies","Institution to which field applies","0","0","0","","5","","","","","-6","HLD","","","","9999"
"583","6","Linkage","Linkage","0","0","0","","5","","","","","-6","HLD","","","","9999"
"583","8","Field link and sequence number","Field link and sequence number","1","0","0","","5","","","","","-6","HLD","","","","9999"
"583","a","Action","Action","0","0","0","","5","","","","","-1","HLD","","","","9999"
"583","b","Action identification","Action identification","1","0","0","","5","","","","","-1","HLD","","","","9999"
"583","c","Time/date of action","Time/date of action","1","0","0","","5","","","","","-1","HLD","","","","9999"
"583","d","Action interval","Action interval","1","0","0","","5","","","","","-1","HLD","","","","9999"
"583","e","Contingency for action","Contingency for action","1","0","0","","5","","","","","-1","HLD","","","","9999"
"583","f","Authorization","Authorization","1","0","0","","5","","","","","-1","HLD","","","","9999"
"583","h","Jurisdiction","Jurisdiction","1","0","0","","5","","","","","-1","HLD","","","","9999"
"583","i","Method of action","Method of action","1","0","0","","5","","","","","-1","HLD","","","","9999"
"583","j","Site of action","Site of action","1","0","0","","5","","","","","-1","HLD","","","","9999"
"583","k","Action agent","Action agent","1","0","0","","5","","","","","-1","HLD","","","","9999"
"583","l","Status","Status","1","0","0","","5","","","","","-1","HLD","","","","9999"
"583","n","Extent","Extent","1","0","0","","5","","","","","-1","HLD","","","","9999"
"583","o","Type of unit","Type of unit","1","0","0","","5","","","","","-1","HLD","","","","9999"
"583","u","Uniform Resource Identifier","Uniform Resource Identifier","1","0","0","","5","","","","1","-1","HLD","","","","9999"
"583","x","Nonpublic note","Nonpublic note","1","0","0","","5","","","","","4","HLD","","","","9999"
"583","z","Public note","Public note","1","0","0","","5","","","","","-1","HLD","","","","9999"
"842","6","Linkage","Linkage","0","0","0","","8","","","","","-6","HLD","","","","9999"
"842","8","Field link and sequence number","Field link and sequence number","1","0","0","","8","","","","","-6","HLD","","","","9999"
"842","a","Textual physical form designator","Textual physical form designator","0","0","0","","8","","","","","-1","HLD","","","","9999"
"843","3","Materials specified","Materials specified","0","0","0","","8","","","","","-6","HLD","","","","9999"
"843","5","Institution to which field applies","Institution to which field applies","0","0","0","","8","","","","","-6","HLD","","","","9999"
"843","6","Linkage","Linkage","0","0","0","","8","","","","","-6","HLD","","","","9999"
"843","7","Fixed-length data elements of reproduction","Fixed-length data elements of reproduction","0","0","0","","8","","","","","-6","HLD","","","","9999"
"843","8","Field link and sequence number","Field link and sequence number","1","0","0","","8","","","","","-6","HLD","","","","9999"
"843","a","Type of reproduction","Type of reproduction","0","0","0","","8","","","","","-1","HLD","","","","9999"
"843","b","Place of reproduction","Place of reproduction","1","0","0","","8","","","","","-1","HLD","","","","9999"
"843","c","Agency responsible for reproduction","Agency responsible for reproduction","1","0","0","","8","","","","","-1","HLD","","","","9999"
"843","d","Date of reproduction","Date of reproduction","0","0","0","","8","","","","","-1","HLD","","","","9999"
"843","e","Physical description of reproduction","Physical description of reproduction","0","0","0","","8","","","","","-1","HLD","","","","9999"
"843","f","Series statement of reproduction","Series statement of reproduction","1","0","0","","8","","","","","-1","HLD","","","","9999"
"843","m","Dates of publication and/or sequential designation of issues reproduced","Dates of publication and/or sequential designation of issues reproduced","1","0","0","","8","","","","","-1","HLD","","","","9999"
"843","n","Note about reproduction","Note about reproduction","1","0","0","","8","","","","","-1","HLD","","","","9999"
"844","6","Linkage","Linkage","0","0","0","","8","","","","","-6","HLD","","","","9999"
"844","8","Field link and sequence number","Field link and sequence number","1","0","0","","8","","","","","-6","HLD","","","","9999"
"844","a","Name of unit","Name of unit","0","0","0","","8","","","","","-1","HLD","","","","9999"
"845","2","Source of term","Source of term","0","0","0","","8","","","","","-6","HLD","","","","9999"
"845","3","Materials specified","Materials specified","0","0","0","","8","","","","","-6","HLD","","","","9999"
"845","5","Institution to which field applies","Institution to which field applies","0","0","0","","8","","","","","-6","HLD","","","","9999"
"845","6","Linkage","Linkage","0","0","0","","8","","","","","-6","HLD","","","","9999"
"845","8","Field link and sequence number","Field link and sequence number","1","0","0","","8","","","","","-6","HLD","","","","9999"
"845","a","Terms governing use and reproduction","Terms governing use and reproduction","0","0","0","","8","","","","","-6","HLD","","","","9999"
"845","b","Jurisdiction","Jurisdiction","0","0","0","","8","","","","","-6","HLD","","","","9999"
"845","c","Authorization","Authorization","0","0","0","","8","","","","","-6","HLD","","","","9999"
"845","d","Authorized users","Authorized users","0","0","0","","8","","","","","-6","HLD","","","","9999"
"845","f","Use and reproduction rights","Use and reproduction rights","1","0","0","","8","","","","","-6","HLD","","","","9999"
"845","g","Availability date","Availability date","1","0","0","","8","","","","","-6","HLD","","","","9999"
"845","q","Supplying agency","Supplying agency","0","0","0","","8","","","","","-6","HLD","","","","9999"
"845","u","Uniform Resource Identifier","Uniform Resource Identifier","1","0","0","","8","","","","1","-6","HLD","","","","9999"
"852","2","Source of classification or shelving scheme","Source of classification or shelving scheme","0","0","0","","8","","","","","5","HLD","","","","9999"
"852","3","Materials specified","Materials specified","0","0","0","","8","","","","","5","HLD","","","","9999"
"852","6","Linkage","Linkage","0","0","0","","8","","","","","5","HLD","","","","9999"
"852","8","Sequence number","Sequence number","0","0","0","","8","","","","","5","HLD","","","","9999"
"852","a","Location","Location","0","0","0","","8","","","","","4","HLD","","","","9999"
"852","b","Sublocation or collection","Sublocation or collection","1","0","0","holdings.holdingbranch","8","branches","","","","4","HLD","","","","9999"
"852","c","Shelving location","Shelving location","1","0","0","holdings.location","8","LOC","","","","4","HLD","","","","9999"
"852","d","Former shelving location","Former shelving location","1","0","0","","8","","","","","1","HLD","","","","9999"
"852","e","Address","Address","1","0","0","","8","","","","","4","HLD","","","","9999"
"852","f","Coded location qualifier","Coded location qualifier","1","0","0","","8","","","","","4","HLD","","","","9999"
"852","g","Non-coded location qualifier","Non-coded location qualifier","1","0","0","holdings.ccode","8","CCODE","","","","4","HLD","","","","9999"
"852","h","Classification part","Classification part","0","0","0","holdings.callnumber","8","","","","","4","HLD","","","","9999"
"852","i","Item part","Item part","1","0","0","","8","","","","","4","HLD","","","","9999"
"852","j","Shelving control number","Shelving control number","0","0","0","","8","","","","","4","HLD","","","","9999"
"852","k","Call number prefix","Call number prefix","1","0","0","holdings.callnumber","8","","","","","4","HLD","","","","9999"
"852","l","Shelving form of title","Shelving form of title","0","0","0","holdings.callnumber","8","","","","","4","HLD","","","","9999"
"852","m","Call number suffix","Call number suffix","1","0","0","holdings.callnumber","8","","","","","4","HLD","","","","9999"
"852","n","Country code","Country code","0","0","0","","8","","","","","4","HLD","","","","9999"
"852","p","Piece designation","Piece designation","0","0","0","","8","","","","","4","HLD","","","","9999"
"852","q","Piece physical condition","Piece physical condition","0","0","0","","8","","","","","4","HLD","","","","9999"
"852","s","Copyright article-fee code","Copyright article-fee code","1","0","0","","8","","","","","4","HLD","","","","9999"
"852","t","Copy number","Copy number","0","0","0","","8","","","","","4","HLD","","","","9999"
"852","u","Uniform Resource Identifier","Uniform Resource Identifier","1","0","0","","8","","","","1","4","HLD","","","","9999"
"852","x","Nonpublic note","Nonpublic note","1","0","0","","8","","","","","4","HLD","","","","9999"
"852","z","Public note","Public note","1","0","0","holdings.public_note","8","","","","","4","HLD","","","","9999"
"853","3","Materials specified","Materials specified","0","0","0","","8","","","","","5","HLD","","","","9999"
"853","6","Linkage","Linkage","0","0","0","","8","","","","","5","HLD","","","","9999"
"853","8","Field link and sequence number","Field link and sequence number","1","0","0","","8","","","","","5","HLD","","","","9999"
"853","a","First level of enumeration","First level of enumeration","0","0","0","","8","","","","","4","HLD","","","","9999"
"853","b","Second level of enumeration","Second level of enumeration","0","0","0","","8","","","","","4","HLD","","","","9999"
"853","c","Third level of enumeration","Third level of enumeration","0","0","0","","8","","","","","4","HLD","","","","9999"
"853","d","Fourth level of enumeration","Fourth level of enumeration","0","0","0","","8","","","","","4","HLD","","","","9999"
"853","e","Fifth level of enumeration","Fifth level of enumeration","0","0","0","","8","","","","","4","HLD","","","","9999"
"853","f","Sixth level of enumeration","Sixth level of enumeration","0","0","0","","8","","","","","4","HLD","","","","9999"
"853","g","Alternative numbering scheme, first level of enumeration","Alternative numbering scheme, first level of enumeration","0","0","0","","8","","","","","4","HLD","","","","9999"
"853","h","Alternative numbering scheme, second level of enumeration","Alternative numbering scheme, second level of enumeration","0","0","0","","8","","","","","4","HLD","","","","9999"
"853","i","First level of chronology","First level of chronology","0","0","0","","8","","","","","4","HLD","","","","9999"
"853","j","Second level of chronology","Second level of chronology","0","0","0","","8","","","","","4","HLD","","","","9999"
"853","k","Third level of chronology","Third level of chronology","0","0","0","","8","","","","","4","HLD","","","","9999"
"853","l","Fourth level of chronology","Fourth level of chronology","0","0","0","","8","","","","","4","HLD","","","","9999"
"853","m","Alternative numbering scheme, chronology","Alternative numbering scheme, chronology","0","0","0","","8","","","","","4","HLD","","","","9999"
"853","n","Pattern note","Pattern note","0","0","0","","8","","","","","4","HLD","","","","9999"
"853","p","Number of pieces per issuance","Number of pieces per issuance","0","0","0","","8","","","","","4","HLD","","","","9999"
"853","t","Copy","Copy","0","0","0","","8","","","","","4","HLD","","","","9999"
"853","u","Bibliographic units per next higher level","Bibliographic units per next higher level","1","0","0","","8","","","","","4","HLD","","","","9999"
"853","v","Numbering continuity","Numbering continuity","1","0","0","","8","","","","","4","HLD","","","","9999"
"853","w","Frequency","Frequency","0","0","0","","8","","","","","4","HLD","","","","9999"
"853","x","Calendar change","Calendar change","0","0","0","","8","","","","","4","HLD","","","","9999"
"853","y","Regularity pattern","Regularity pattern","1","0","0","","8","","","","","4","HLD","","","","9999"
"853","z","Numbering scheme","Numbering scheme","1","0","0","","8","","","","","4","HLD","","","","9999"
"854","3","Materials specified","Materials specified","0","0","0","","8","","","","","5","HLD","","","","9999"
"854","6","Linkage","Linkage","0","0","0","","8","","","","","5","HLD","","","","9999"
"854","8","Field link and sequence number","Field link and sequence number","1","0","0","","8","","","","","5","HLD","","","","9999"
"854","a","First level of enumeration","First level of enumeration","0","0","0","","8","","","","","4","HLD","","","","9999"
"854","b","Second level of enumeration","Second level of enumeration","0","0","0","","8","","","","","4","HLD","","","","9999"
"854","c","Third level of enumeration","Third level of enumeration","0","0","0","","8","","","","","4","HLD","","","","9999"
"854","d","Fourth level of enumeration","Fourth level of enumeration","0","0","0","","8","","","","","4","HLD","","","","9999"
"854","e","Fifth level of enumeration","Fifth level of enumeration","0","0","0","","8","","","","","4","HLD","","","","9999"
"854","f","Sixth level of enumeration","Sixth level of enumeration","0","0","0","","8","","","","","4","HLD","","","","9999"
"854","g","Alternative numbering scheme, first level of enumeration","Alternative numbering scheme, first level of enumeration","0","0","0","","8","","","","","4","HLD","","","","9999"
"854","h","Alternative numbering scheme, second level of enumeration","Alternative numbering scheme, second level of enumeration","0","0","0","","8","","","","","4","HLD","","","","9999"
"854","i","First level of chronology","First level of chronology","0","0","0","","8","","","","","4","HLD","","","","9999"
"854","j","Second level of chronology","Second level of chronology","0","0","0","","8","","","","","4","HLD","","","","9999"
"854","k","Third level of chronology","Third level of chronology","0","0","0","","8","","","","","4","HLD","","","","9999"
"854","l","Fourth level of chronology","Fourth level of chronology","0","0","0","","8","","","","","4","HLD","","","","9999"
"854","m","Alternative numbering scheme, chronology","Alternative numbering scheme, chronology","0","0","0","","8","","","","","4","HLD","","","","9999"
"854","n","Pattern note","Pattern note","0","0","0","","8","","","","","4","HLD","","","","9999"
"854","p","Number of pieces per issuance","Number of pieces per issuance","0","0","0","","8","","","","","4","HLD","","","","9999"
"854","t","Copy","Copy","0","0","0","","8","","","","","4","HLD","","","","9999"
"854","u","Bibliographic units per next higher level","Bibliographic units per next higher level","1","0","0","","8","","","","","4","HLD","","","","9999"
"854","v","Numbering continuity","Numbering continuity","1","0","0","","8","","","","","4","HLD","","","","9999"
"854","w","Frequency","Frequency","0","0","0","","8","","","","","4","HLD","","","","9999"
"854","x","Calendar change","Calendar change","0","0","0","","8","","","","","4","HLD","","","","9999"
"854","y","Regularity pattern","Regularity pattern","1","0","0","","8","","","","","4","HLD","","","","9999"
"854","z","Numbering scheme","Numbering scheme","1","0","0","","8","","","","","4","HLD","","","","9999"
"855","3","Materials specified","Materials specified","0","0","0","","8","","","","","5","HLD","","","","9999"
"855","6","Linkage","Linkage","0","0","0","","8","","","","","5","HLD","","","","9999"
"855","8","Field link and sequence number","Field link and sequence number","1","0","0","","8","","","","","5","HLD","","","","9999"
"855","a","First level of enumeration","First level of enumeration","0","0","0","","8","","","","","4","HLD","","","","9999"
"855","b","Second level of enumeration","Second level of enumeration","0","0","0","","8","","","","","4","HLD","","","","9999"
"855","c","Third level of enumeration","Third level of enumeration","0","0","0","","8","","","","","4","HLD","","","","9999"
"855","d","Fourth level of enumeration","Fourth level of enumeration","0","0","0","","8","","","","","4","HLD","","","","9999"
"855","e","Fifth level of enumeration","Fifth level of enumeration","0","0","0","","8","","","","","4","HLD","","","","9999"
"855","f","Sixth level of enumeration","Sixth level of enumeration","0","0","0","","8","","","","","4","HLD","","","","9999"
"855","g","Alternative numbering scheme, first level of enumeration","Alternative numbering scheme, first level of enumeration","0","0","0","","8","","","","","4","HLD","","","","9999"
"855","h","Alternative numbering scheme, second level of enumeration","Alternative numbering scheme, second level of enumeration","0","0","0","","8","","","","","4","HLD","","","","9999"
"855","i","First level of chronology","First level of chronology","0","0","0","","8","","","","","4","HLD","","","","9999"
"855","j","Second level of chronology","Second level of chronology","0","0","0","","8","","","","","4","HLD","","","","9999"
"855","k","Third level of chronology","Third level of chronology","0","0","0","","8","","","","","4","HLD","","","","9999"
"855","l","Fourth level of chronology","Fourth level of chronology","0","0","0","","8","","","","","4","HLD","","","","9999"
"855","m","Alternative numbering scheme, chronology","Alternative numbering scheme, chronology","0","0","0","","8","","","","","4","HLD","","","","9999"
"855","n","Pattern note","Pattern note","0","0","0","","8","","","","","4","HLD","","","","9999"
"855","p","Number of pieces per issuance","Number of pieces per issuance","0","0","0","","8","","","","","4","HLD","","","","9999"
"855","t","Copy","Copy","0","0","0","","8","","","","","4","HLD","","","","9999"
"855","u","Bibliographic units per next higher level","Bibliographic units per next higher level","1","0","0","","8","","","","","4","HLD","","","","9999"
"855","v","Numbering continuity","Numbering continuity","1","0","0","","8","","","","","4","HLD","","","","9999"
"855","w","Frequency","Frequency","0","0","0","","8","","","","","4","HLD","","","","9999"
"855","x","Calendar change","Calendar change","0","0","0","","8","","","","","4","HLD","","","","9999"
"855","y","Regularity pattern","Regularity pattern","1","0","0","","8","","","","","4","HLD","","","","9999"
"855","z","Numbering scheme","Numbering scheme","1","0","0","","8","","","","","4","HLD","","","","9999"
"856","2","Access method","Access method","0","0","0","","8","","","","0","5","HLD","","","","9999"
"856","3","Materials specified","Materials specified","0","0","0","","8","","","","0","5","HLD","","","","9999"
"856","6","Linkage","Linkage","0","0","0","","8","","","","0","5","HLD","","","","9999"
"856","7","Access status","Access status","0","0","0","","8","","","","0","5","HLD","","","","9999"
"856","8","Field link and sequence number","Field link and sequence number","1","0","0","","8","","","","0","5","HLD","","","","9999"
"856","a","Host name","Host name","1","0","0","","8","","","","0","4","HLD","","","","9999"
"856","b","Access number","Access number","1","0","0","","8","","","","0","4","HLD","","","","9999"
"856","c","Compression information","Compression information","1","0","0","","8","","","","0","4","HLD","","","","9999"
"856","d","Path","Path","1","0","0","","8","","","","0","4","HLD","","","","9999"
"856","f","Electronic name","Electronic name","1","0","0","","8","","","","0","4","HLD","","","","9999"
"856","h","Processor of request","Processor of request","0","0","0","","8","","","","0","4","HLD","","","","9999"
"856","i","Instruction","Instruction","1","0","0","","8","","","","0","4","HLD","","","","9999"
"856","j","Bits per second","Bits per second","0","0","0","","8","","","","0","4","HLD","","","","9999"
"856","k","Password","Password","0","0","0","","8","","","","0","4","HLD","","","","9999"
"856","l","Logon","Logon","0","0","0","","8","","","","0","4","HLD","","","","9999"
"856","m","Contact for access assistance","Contact for access assistance","1","0","0","","8","","","","0","4","HLD","","","","9999"
"856","n","Name of location of host","Name of location of host","0","0","0","","8","","","","0","4","HLD","","","","9999"
"856","o","Operating system","Operating system","0","0","0","","8","","","","0","4","HLD","","","","9999"
"856","p","Port","Port","0","0","0","","8","","","","0","4","HLD","","","","9999"
"856","q","Electronic format type","Electronic format type","0","0","0","","8","","","","0","4","HLD","","","","9999"
"856","r","Settings","Settings","0","0","0","","8","","","","0","4","HLD","","","","9999"
"856","s","File size","File size","1","0","0","","8","","","","0","4","HLD","","","","9999"
"856","t","Terminal emulation","Terminal emulation","1","0","0","","8","","","","0","4","HLD","","","","9999"
"856","u","Uniform Resource Identifier","Uniform Resource Identifier","1","0","0","","8","","","","1","4","HLD","","","","9999"
"856","v","Hours access method available","Hours access method available","1","0","0","","8","","","","0","4","HLD","","","","9999"
"856","w","Record control number","Record control number","1","0","0","","8","","","","0","4","HLD","","","","9999"
"856","x","Nonpublic note","Nonpublic note","1","0","0","","8","","","","0","4","HLD","","","","9999"
"856","y","Link text","Link text","1","0","0","","8","","","","0","4","HLD","","","","9999"
"856","z","Public note","Public note","1","0","0","","8","","","","0","4","HLD","","","","9999"
"863","6","Linkage","Linkage","0","0","0","","8","","","","","5","HLD","","","","9999"
"863","8","Field link and sequence number","Field link and sequence number","0","0","0","","8","","","","","5","HLD","","","","9999"
"863","a","First level of enumeration","First level of enumeration","0","0","0","holdings.summary","8","","","","0","4","HLD","","","","9999"
"863","b","Second level of enumeration","Second level of enumeration","0","0","0","holdings.summary","8","","","","0","4","HLD","","","","9999"
"863","c","Third level of enumeration","Third level of enumeration","0","0","0","","8","","","","0","4","HLD","","","","9999"
"863","d","Fourth level of enumeration","Fourth level of enumeration","0","0","0","","8","","","","0","4","HLD","","","","9999"
"863","e","Fifth level of enumeration","Fifth level of enumeration","0","0","0","","8","","","","0","4","HLD","","","","9999"
"863","f","Sixth level of enumeration","Sixth level of enumeration","0","0","0","","8","","","","0","4","HLD","","","","9999"
"863","g","Alternative numbering scheme, first level of enumeration","Alternative numbering scheme, first level of enumeration","0","0","0","","8","","","","0","4","HLD","","","","9999"
"863","h","Alternative numbering scheme, second level of enumeration","Alternative numbering scheme, second level of enumeration","0","0","0","","8","","","","0","4","HLD","","","","9999"
"863","i","First level of chronology","First level of chronology","0","0","0","holdings.summary","8","","","","0","4","HLD","","","","9999"
"863","j","Second level of chronology","Second level of chronology","0","0","0","","8","","","","0","4","HLD","","","","9999"
"863","k","Third level of chronology","Third level of chronology","0","0","0","","8","","","","0","4","HLD","","","","9999"
"863","l","Fourth level of chronology","Fourth level of chronology","0","0","0","","8","","","","0","4","HLD","","","","9999"
"863","m","Alternative numbering scheme, chronology","Alternative numbering scheme, chronology","0","0","0","","8","","","","0","4","HLD","","","","9999"
"863","n","Converted Gregorian year","Converted Gregorian year","0","0","0","","8","","","","0","4","HLD","","","","9999"
"863","o","Type of unit","Type of unit","1","0","0","","8","","","","0","4","HLD","","","","9999"
"863","p","Piece designation","Piece designation","0","0","0","","8","","","","0","4","HLD","","","","9999"
"863","q","Piece physical condition","Piece physical condition","0","0","0","","8","","","","0","4","HLD","","","","9999"
"863","s","Copyright article-fee code","Copyright article-fee code","1","0","0","","8","","","","0","4","HLD","","","","9999"
"863","t","Copy number","Copy number","0","0","0","","8","","","","0","4","HLD","","","","9999"
"863","v","Issuing date","Issuing date","1","0","0","","8","","","","0","4","HLD","","","","9999"
"863","w","Break indicator","Break indicator","0","0","0","","8","","","","0","4","HLD","","","","9999"
"863","x","Nonpublic note","Nonpublic note","1","0","0","","8","","","","0","4","HLD","","","","9999"
"863","z","Public note","Public note","1","0","0","holdings.summary","8","","","","0","4","HLD","","","","9999"
"864","6","Linkage","Linkage","0","0","0","","8","","","","","5","HLD","","","","9999"
"864","8","Field link and sequence number","Field link and sequence number","0","0","0","","8","","","","","5","HLD","","","","9999"
"864","a","First level of enumeration","First level of enumeration","0","0","0","","8","","","","0","4","HLD","","","","9999"
"864","b","Second level of enumeration","Second level of enumeration","0","0","0","","8","","","","0","4","HLD","","","","9999"
"864","c","Third level of enumeration","Third level of enumeration","0","0","0","","8","","","","0","4","HLD","","","","9999"
"864","d","Fourth level of enumeration","Fourth level of enumeration","0","0","0","","8","","","","0","4","HLD","","","","9999"
"864","e","Fifth level of enumeration","Fifth level of enumeration","0","0","0","","8","","","","0","4","HLD","","","","9999"
"864","f","Sixth level of enumeration","Sixth level of enumeration","0","0","0","","8","","","","0","4","HLD","","","","9999"
"864","g","Alternative numbering scheme, first level of enumeration","Alternative numbering scheme, first level of enumeration","0","0","0","","8","","","","0","4","HLD","","","","9999"
"864","h","Alternative numbering scheme, second level of enumeration","Alternative numbering scheme, second level of enumeration","0","0","0","","8","","","","0","4","HLD","","","","9999"
"864","i","First level of chronology","First level of chronology","0","0","0","","8","","","","0","4","HLD","","","","9999"
"864","j","Second level of chronology","Second level of chronology","0","0","0","","8","","","","0","4","HLD","","","","9999"
"864","k","Third level of chronology","Third level of chronology","0","0","0","","8","","","","0","4","HLD","","","","9999"
"864","l","Fourth level of chronology","Fourth level of chronology","0","0","0","","8","","","","0","4","HLD","","","","9999"
"864","m","Alternative numbering scheme, chronology","Alternative numbering scheme, chronology","0","0","0","","8","","","","0","4","HLD","","","","9999"
"864","n","Converted Gregorian year","Converted Gregorian year","0","0","0","","8","","","","0","4","HLD","","","","9999"
"864","o","Type of unit","Type of unit","1","0","0","","8","","","","0","4","HLD","","","","9999"
"864","p","Piece designation","Piece designation","0","0","0","","8","","","","0","4","HLD","","","","9999"
"864","q","Piece physical condition","Piece physical condition","0","0","0","","8","","","","0","4","HLD","","","","9999"
"864","s","Copyright article-fee code","Copyright article-fee code","1","0","0","","8","","","","0","4","HLD","","","","9999"
"864","t","Copy number","Copy number","0","0","0","","8","","","","0","4","HLD","","","","9999"
"864","v","Issuing date","Issuing date","1","0","0","","8","","","","0","4","HLD","","","","9999"
"864","w","Break indicator","Break indicator","0","0","0","","8","","","","0","4","HLD","","","","9999"
"864","x","Nonpublic note","Nonpublic note","1","0","0","","8","","","","0","4","HLD","","","","9999"
"864","z","Public note","Public note","1","0","0","","8","","","","0","4","HLD","","","","9999"
"865","6","Linkage","Linkage","0","0","0","","8","","","","","5","HLD","","","","9999"
"865","8","Field link and sequence number","Field link and sequence number","0","0","0","","8","","","","","5","HLD","","","","9999"
"865","a","First level of enumeration","First level of enumeration","0","0","0","","8","","","","0","4","HLD","","","","9999"
"865","b","Second level of enumeration","Second level of enumeration","0","0","0","","8","","","","0","4","HLD","","","","9999"
"865","c","Third level of enumeration","Third level of enumeration","0","0","0","","8","","","","0","4","HLD","","","","9999"
"865","d","Fourth level of enumeration","Fourth level of enumeration","0","0","0","","8","","","","0","4","HLD","","","","9999"
"865","e","Fifth level of enumeration","Fifth level of enumeration","0","0","0","","8","","","","0","4","HLD","","","","9999"
"865","f","Sixth level of enumeration","Sixth level of enumeration","0","0","0","","8","","","","0","4","HLD","","","","9999"
"865","g","Alternative numbering scheme, first level of enumeration","Alternative numbering scheme, first level of enumeration","0","0","0","","8","","","","0","4","HLD","","","","9999"
"865","h","Alternative numbering scheme, second level of enumeration","Alternative numbering scheme, second level of enumeration","0","0","0","","8","","","","0","4","HLD","","","","9999"
"865","i","First level of chronology","First level of chronology","0","0","0","","8","","","","0","4","HLD","","","","9999"
"865","j","Second level of chronology","Second level of chronology","0","0","0","","8","","","","0","4","HLD","","","","9999"
"865","k","Third level of chronology","Third level of chronology","0","0","0","","8","","","","0","4","HLD","","","","9999"
"865","l","Fourth level of chronology","Fourth level of chronology","0","0","0","","8","","","","0","4","HLD","","","","9999"
"865","m","Alternative numbering scheme, chronology","Alternative numbering scheme, chronology","0","0","0","","8","","","","0","4","HLD","","","","9999"
"865","n","Converted Gregorian year","Converted Gregorian year","0","0","0","","8","","","","0","4","HLD","","","","9999"
"865","o","Type of unit","Type of unit","1","0","0","","8","","","","0","4","HLD","","","","9999"
"865","p","Piece designation","Piece designation","0","0","0","","8","","","","0","4","HLD","","","","9999"
"865","q","Piece physical condition","Piece physical condition","0","0","0","","8","","","","0","4","HLD","","","","9999"
"865","s","Copyright article-fee code","Copyright article-fee code","1","0","0","","8","","","","0","4","HLD","","","","9999"
"865","t","Copy number","Copy number","0","0","0","","8","","","","0","4","HLD","","","","9999"
"865","v","Issuing date","Issuing date","1","0","0","","8","","","","0","4","HLD","","","","9999"
"865","w","Break indicator","Break indicator","0","0","0","","8","","","","0","4","HLD","","","","9999"
"865","x","Nonpublic note","Nonpublic note","1","0","0","","8","","","","0","4","HLD","","","","9999"
"865","z","Public note","Public note","1","0","0","","8","","","","0","4","HLD","","","","9999"
"866","6","Linkage","Linkage","0","0","0","","8","","","","","5","HLD","","","","9999"
"866","8","Field link and sequence number","Field link and sequence number","1","0","0","","8","","","","","5","HLD","","","","9999"
"866","a","Textual string","Textual string","0","0","0","","8","","","","0","4","HLD","","","","9999"
"866","x","Nonpublic note","Nonpublic note","1","0","0","","8","","","","0","4","HLD","","","","9999"
"866","z","Public note","Public note","1","0","0","","8","","","","0","4","HLD","","","","9999"
"867","6","Linkage","Linkage","0","0","0","","8","","","","","5","HLD","","","","9999"
"867","8","Field link and sequence number","Field link and sequence number","1","0","0","","8","","","","","5","HLD","","","","9999"
"867","a","Textual string","Textual string","0","0","0","holdings.supplements","8","","","","0","4","HLD","","","","9999"
"867","x","Nonpublic note","Nonpublic note","1","0","0","","8","","","","0","4","HLD","","","","9999"
"867","z","Public note","Public note","1","0","0","holdings.supplements","8","","","","0","4","HLD","","","","9999"
"868","6","Linkage","Linkage","0","0","0","","8","","","","","5","HLD","","","","9999"
"868","8","Field link and sequence number","Field link and sequence number","1","0","0","","8","","","","","5","HLD","","","","9999"
"868","a","Textual string","Textual string","0","0","0","holdings.indexes","8","","","","0","4","HLD","","","","9999"
"868","x","Nonpublic note","Nonpublic note","1","0","0","","8","","","","0","4","HLD","","","","9999"
"868","z","Public note","Public note","1","0","0","holdings.indexes","8","","","","0","4","HLD","","","","9999"
"876","3","Materials specified","Materials specified","0","0","0","","8","","","","","5","HLD","","","","9999"
"876","6","Linkage","Linkage","0","0","0","","8","","","","","5","HLD","","","","9999"
"876","8","Sequence number","Sequence number","1","0","0","","8","","","","","5","HLD","","","","9999"
"876","a","Internal item number","Internal item number","0","0","0","","8","","","","","5","HLD","","","","9999"
"876","b","Invalid or canceled internal item number","Invalid or canceled internal item number","1","0","0","","8","","","","","5","HLD","","","","9999"
"876","c","Cost","Cost","1","0","0","","8","","","","","5","HLD","","","","9999"
"876","d","Date acquired","Date acquired","1","0","0","","8","","","","","5","HLD","","","","9999"
"876","e","Source of acquisition","Source of acquisition","1","0","0","","8","","","","","5","HLD","","","","9999"
"876","h","Use restrictions","Use restrictions","1","0","0","","8","","","","","5","HLD","","","","9999"
"876","j","Item status","Item status","1","0","0","","8","","","","","5","HLD","","","","9999"
"876","l","Temporary location","Temporary location","1","0","0","","8","","","","","5","HLD","","","","9999"
"876","p","Piece designation","Piece designation","1","0","0","","8","","","","","5","HLD","","","","9999"
"876","r","Invalid or canceled piece designation","Invalid or canceled piece designation","1","0","0","","8","","","","","5","HLD","","","","9999"
"876","t","Copy number","Copy number","0","0","0","","8","","","","","5","HLD","","","","9999"
"876","x","Nonpublic note","Nonpublic note","1","0","0","","8","","","","","5","HLD","","","","9999"
"876","z","Public note","Public note","1","0","0","","8","","","","","5","HLD","","","","9999"
"877","3","Materials specified","Materials specified","0","0","0","","8","","","","","5","HLD","","","","9999"
"877","6","Linkage","Linkage","0","0","0","","8","","","","","5","HLD","","","","9999"
"877","8","Sequence number","Sequence number","1","0","0","","8","","","","","5","HLD","","","","9999"
"877","a","Internal item number","Internal item number","0","0","0","","8","","","","","5","HLD","","","","9999"
"877","b","Invalid or canceled internal item number","Invalid or canceled internal item number","1","0","0","","8","","","","","5","HLD","","","","9999"
"877","c","Cost","Cost","1","0","0","","8","","","","","5","HLD","","","","9999"
"877","d","Date acquired","Date acquired","1","0","0","","8","","","","","5","HLD","","","","9999"
"877","e","Source of acquisition","Source of acquisition","1","0","0","","8","","","","","5","HLD","","","","9999"
"877","h","Use restrictions","Use restrictions","1","0","0","","8","","","","","5","HLD","","","","9999"
"877","j","Item status","Item status","1","0","0","","8","","","","","5","HLD","","","","9999"
"877","l","Temporary location","Temporary location","1","0","0","","8","","","","","5","HLD","","","","9999"
"877","p","Piece designation","Piece designation","1","0","0","","8","","","","","5","HLD","","","","9999"
"877","r","Invalid or canceled piece designation","Invalid or canceled piece designation","1","0","0","","8","","","","","5","HLD","","","","9999"
"877","t","Copy number","Copy number","0","0","0","","8","","","","","5","HLD","","","","9999"
"877","x","Nonpublic note","Nonpublic note","1","0","0","","8","","","","","5","HLD","","","","9999"
"877","z","Public note","Public note","1","0","0","","8","","","","","5","HLD","","","","9999"
"878","3","Materials specified","Materials specified","0","0","0","","8","","","","","5","HLD","","","","9999"
"878","6","Linkage","Linkage","0","0","0","","8","","","","","5","HLD","","","","9999"
"878","8","Sequence number","Sequence number","1","0","0","","8","","","","","5","HLD","","","","9999"
"878","a","Internal item number","Internal item number","0","0","0","","8","","","","","5","HLD","","","","9999"
"878","b","Invalid or canceled internal item number","Invalid or canceled internal item number","1","0","0","","8","","","","","5","HLD","","","","9999"
"878","c","Cost","Cost","1","0","0","","8","","","","","5","HLD","","","","9999"
"878","d","Date acquired","Date acquired","1","0","0","","8","","","","","5","HLD","","","","9999"
"878","e","Source of acquisition","Source of acquisition","1","0","0","","8","","","","","5","HLD","","","","9999"
"878","h","Use restrictions","Use restrictions","1","0","0","","8","","","","","5","HLD","","","","9999"
"878","j","Item status","Item status","1","0","0","","8","","","","","5","HLD","","","","9999"
"878","l","Temporary location","Temporary location","1","0","0","","8","","","","","5","HLD","","","","9999"
"878","p","Piece designation","Piece designation","1","0","0","","8","","","","","5","HLD","","","","9999"
"878","r","Invalid or canceled piece designation","Invalid or canceled piece designation","1","0","0","","8","","","","","5","HLD","","","","9999"
"878","t","Copy number","Copy number","0","0","0","","8","","","","","5","HLD","","","","9999"
"878","x","Nonpublic note","Nonpublic note","1","0","0","","8","","","","","5","HLD","","","","9999"
"878","z","Public note","Public note","1","0","0","","8","","","","","5","HLD","","","","9999"
"880","2","2","2","1","0","0","","8","","","","","-6","HLD","","","","9999"
"880","3","3","3","1","0","0","","8","","","","","-6","HLD","","","","9999"
"880","4","4","4","1","0","0","","8","","","","","-6","HLD","","","","9999"
"880","5","5","5","1","0","0","","8","","","","","-6","HLD","","","","9999"
"880","6","Linkage","Linkage","0","0","0","","8","","","","","-6","HLD","","","","9999"
"880","7","7","7","1","0","0","","8","","","","","-6","HLD","","","","9999"
"880","8","8","8","1","0","0","","8","","","","","-6","HLD","","","","9999"
"880","9","9","9","1","0","0","","8","","","","","-6","HLD","","","","9999"
"880","a","a","a","1","0","0","","8","","","","","-6","HLD","","","","9999"
"880","b","b","b","1","0","0","","8","","","","","-6","HLD","","","","9999"
"880","c","c","c","1","0","0","","8","","","","","-6","HLD","","","","9999"
"880","d","d","d","1","0","0","","8","","","","","-6","HLD","","","","9999"
"880","e","e","e","1","0","0","","8","","","","","-6","HLD","","","","9999"
"880","f","f","f","1","0","0","","8","","","","","-6","HLD","","","","9999"
"880","g","g","g","1","0","0","","8","","","","","-6","HLD","","","","9999"
"880","h","h","h","1","0","0","","8","","","","","-6","HLD","","","","9999"
"880","i","i","i","1","0","0","","8","","","","","-6","HLD","","","","9999"
"880","j","j","j","1","0","0","","8","","","","","-6","HLD","","","","9999"
"880","k","k","k","1","0","0","","8","","","","","-6","HLD","","","","9999"
"880","l","l","l","1","0","0","","8","","","","","-6","HLD","","","","9999"
"880","m","m","m","1","0","0","","8","","","","","-6","HLD","","","","9999"
"880","n","n","n","1","0","0","","8","","","","","-6","HLD","","","","9999"
"880","o","o","o","1","0","0","","8","","","","","-6","HLD","","","","9999"
"880","p","p","p","1","0","0","","8","","","","","-6","HLD","","","","9999"
"880","q","q","q","1","0","0","","8","","","","","-6","HLD","","","","9999"
"880","r","r","r","1","0","0","","8","","","","","-6","HLD","","","","9999"
"880","s","s","s","1","0","0","","8","","","","","-6","HLD","","","","9999"
"880","t","t","t","1","0","0","","8","","","","","-6","HLD","","","","9999"
"880","u","u","u","1","0","0","","8","","","","","-6","HLD","","","","9999"
"880","v","v","v","1","0","0","","8","","","","","-6","HLD","","","","9999"
"880","w","w","w","1","0","0","","8","","","","","-6","HLD","","","","9999"
"880","x","x","x","1","0","0","","8","","","","","-6","HLD","","","","9999"
"880","y","y","y","1","0","0","","8","","","","","-6","HLD","","","","9999"
"880","z","z","z","1","0","0","","8","","","","","-6","HLD","","","","9999"
"883","0","Authority record control number or standard number","Authority record control number or standard number","1","0","0","","8","","","","","-6","HLD","","","","9999"
"883","1","Real World Object URI","Real World Object URI","1","0","0","","8","","","","","-6","HLD","","","","9999"
"883","8","Field link and sequence number","Field link and sequence number","1","0","0","","8","","","","","-6","HLD","","","","9999"
"883","a","Generation process","Generation process","0","0","0","","8","","","","","-6","HLD","","","","9999"
"883","c","Confidence value","Confidence value","0","0","0","","8","","","","","-6","HLD","","","","9999"
"883","d","Generation date","Generation date","0","0","0","","8","","","","","-6","HLD","","","","9999"
"883","q","Generation agency","Generation agency","0","0","0","","8","","","","","-6","HLD","","","","9999"
"883","u","Uniform Resource Identifier","Uniform Resource Identifier","0","0","0","","8","","","","","-6","HLD","","","","9999"
"883","w","Bibliographic record control number","Bibliographic record control number","1","0","0","","8","","","","","-6","HLD","","","","9999"
"883","x","Validity end date","Validity end date","0","0","0","","8","","","","","-6","HLD","","","","9999"
"884","a","Conversion process","Conversion process","0","0","0","","8","","","","","-6","HLD","","","","9999"
"884","g","Conversion date","Conversion date","0","0","0","","8","","","","","-6","HLD","","","","9999"
"884","k","Identifier of source metadata","Identifier of source metadata","0","0","0","","8","","","","","-6","HLD","","","","9999"
"884","q","Conversion agency","Conversion agency","0","0","0","","8","","","","","-6","HLD","","","","9999"
"884","u","Uniform Resource Identifier","Uniform Resource Identifier","1","0","0","","8","","","","","-6","HLD","","","","9999"
"942","n","Suppress in OPAC","Suppress in OPAC","0","0","0","holdings.suppress","9","","","","0","4","HLD","","","","9999"
"999","c","Koha biblionumber","Koha biblionumber","0","0","0","biblio.biblionumber","-1","","","","","-5","HLD","","","","9999"
"999","e","Koha holding_id","Koha holding_id","0","0","0","holdings.holding_id","-1","","","","","-5","HLD","","","","9999"

"#-#","#-#","#-#","#-#","#-#","#-#","#-#","#-#","#-#","#-#","#-#","#-#","#-#","#-#","#-#","#-#","#-#","#-#","#-#"

